marc,$2y$10$t0KG3c6K1Pl6fcZav0s8SuvKBOIe8ImGkjmwtXzQpf8SFq9qc9LXy
tom,$2y$10$UEua256wlNGacTQQWG0U9Om6IcPGNrBX2isBD028sN71Jy0RY2ize
tom4,$2y$10$/eb4bH.pTJ5IpyyPliV/JerO2hw3Agk.Uwn2UfPH5kZSZzm0v3RRm
tom5,$2y$10$KUTJsaXbfqXtFsYyrNfdT.6XH0NkkRchItMQqS/KJ.JUaH9/u5B7a
tom6,$2y$10$aiBFokTNqLyT9NNQNrap1.Yu.9O67vq/v9HJHjy09nLmyyRMQXybS
tom8,$2y$10$GU1WpHCN5Nmu5ixqWena2e/Bfq62vengjzjROLzbDNkh.2ssLLQrm
bob,$2y$10$eonGYNKu0yq5uxtpcx9bD.wSeBy.XVDuKjrmarHLxv/wRjnkQ2Lzq
fuck,$2y$10$omWQXK4rVW241AYH9BDp9e0aKERNvrehRwXPlYcjv4jq5gmPHr16O
yo,$2y$10$RZlgnMlqLPdBALghYejq8Oq2styJi37bcygk24Gh2BaqVCXqu7kfC
will,$2y$10$f.BzweHSDZcl6Vg2RpTTMOZO.t1CoOxT05N/O42.qlrZuYfoSeQ2i
ok,$2y$10$aQ6p8ffuOUEj1248/ce/U.drk1BNWRNYaOHnX6e7JQPyJgr6TcRMC
what,$2y$10$ZfMhpP8yR4oZ1OLb5AwtyuPtDEmi/k3wxoSu/cGMKl7rayntySfmO
just,$2y$10$TX3qg/2Y.d/TLXtR.yPJbeuiNIPz/xlDUUkqqPHYfPxKQ9wPMEnxK
here,$2y$10$aOtxmOFVXa4NZfHXo773seuqcoB6ZGrQ4a54pqbwYtlFwanU8QZfK
dont,$2y$10$Tg5dDIN2d5PzFRPO1ih0a.kv8g3cuxb/2JnImxGz7O1LW92tkjJii
cunt,$2y$10$6EAyz0zwY5ANkrMQh1g24OKFxnpfZwfnVz2ilbHz9f5nnbcXUIk9u
gris,$2y$10$O530FyMkaPYDUYVZNVg6gektEfncF5c7SGq4AYnq87CDnYEjCK6VG
big,$2y$10$pvkadT5rX27ydM0kqG0GNOwqQkvu9mdzaxnHvRRTouuFzC.vJcjWu
1,$2y$10$/UdlPBbt7uSkJxcUuNjPG.US4KiIQtPAMJHs2HcGlH0g/4Z0giFZe
too,$2y$10$Gx2eF7jiL5BoR0cXsIdt1O6SXYGUNL3UfRu8dGKKxAaRzPrwEj5wO
john,$2y$10$m0RnyFDiOaf.u3Ues6p8SeC1SkUXcfd0FrWl2zw6vcgORF5rdQVB2
much,$2y$10$h7/uDK7sRTmn7Vr7xKmDbeYgut5m1tqTaf6ldIrBtt9MnypfJraLu
butt,$2y$10$gQ19gdSu.MfqHm7uY/J3EO8vMOovBXDs6vpi0TjroW.OuHCsKp3Nm
plum,$2y$10$4r4TdfbWtAC1IkIxte2QZewLpYs/UnNsULivprv7a8bGlPzY0fHKe
do,$2y$10$k6fWZ9RCVI2R1wVVpslEouCedEK9x6lsW6tiTHpx4kQMkXg1db3V2
o,$2y$10$6IoqyPCBklBW6OE/3zLdhOSmuh7itEoZiOe2a9kV2oME.EjNFOMTC
tyler,$2y$10$crEkvuuy.xYb2NexjuIm6evimzau7Vk6CAiQEpHUhRG4ygXHter/S
toby,$2y$10$frBCi4dSf/wV/K7d2wkcquabwBj/bA0/tQouSTGNLpBji0uL4lXaO
jiggly,$2y$10$AyUS9hEi3V8b/0.TSlQI0OL0jkzCP3wiukImp0jWl4iA1ExGV65P2
